song_id,song_name,song_songer,song_publishTime,sentiment,confidence,positive_prob,negative_prob
417595727,末班车,黑羊,1.47E+12,-1,0.953046,0.0211292,0.978871
1371046568,不喜欢下雨天,PIggy,1.56E+12,0,0.553595,0.47768,0.52232
1493721315,断水流,Ice Paper,1.60E+12,-1,0.991501,0.00382461,0.996175
1461669608,病,Round_2,1.59E+12,-1,0.978683,0.00959281,0.990407
1459439332,通宵,直火帮XZT,1.59E+12,-1,0.35841,0.288716,0.711285
1355292203,上学威龙,法老,1.55E+12,-1,0.42483,0.258827,0.741173
1487009099,大反派,杨和苏KeyNG,1.60E+12,-1,0.983102,0.00760426,0.992396
1424955596,乌龟,JD,1.58E+12,1,0.065994,0.579697,0.420303
1477850676,Do For What,高天佐Trouble.Z,1.60E+12,-1,0.589183,0.184868,0.815132
1353352650,刺,Kc,1.55E+12,-1,0.157372,0.379182,0.620818
1477851416,后知后觉 (feat. MC光光 & Ice Paper),高天佐Trouble.Z,1.60E+12,-1,0.957367,0.0191849,0.980815
1398237657,All That (Remix),AR（刘夫阳）,1.57E+12,1,0.880505,0.946227,0.0537727
450465296,i?still?miss?u,Mc光光,1.48E+12,1,0.879811,0.945915,0.0540851
524194019,We?Don't?Need?A?Break,Ice Paper,1.51E+12,-1,0.0610651,0.422521,0.577479
1392869663,天赐,高天佐Trouble.Z,1.57E+12,0,0.171164,0.458558,0.541442
1380070418,兔八哥,杨和苏KeyNG,1.57E+12,-1,0.285643,0.321461,0.678539
1408761970,快刀斩乱麻,Free-Out,1.58E+12,-1,0.177573,0.370092,0.629908
1372622580,K.M.N,Landuo懒惰,1.56E+12,-1,0.973038,0.0121329,0.987867
1327060656,3.绿洲,Ice Paper,1.54E+12,1,0.660175,0.847079,0.152921
1362281821,酷客kook,高天佐Trouble.Z,1.56E+12,1,0.705133,0.86731,0.13269
1492886323,嘻哈帝国 (Empire),Higher Brothers,1.60E+12,-1,0.329566,0.301695,0.698305
1483397482,这个也是freestyle,DeViL叶轩池,1.60E+12,-1,0.372737,0.282268,0.717732
1492049185,经济舱,刘聪KEY.L,1.60E+12,1,0.988326,0.994747,0.00525347
1491155869,Cn drill,李尔新,1.60E+12,0,0.246927,0.462346,0.537654
1466346969,闪电侠,Mc光光,1.60E+12,-1,0.982488,0.00788048,0.992119
1488990337,抠抠,法老,1.60E+12,-1,0.991919,0.00363635,0.996364
1489266004,大反派 (Live),杨和苏KeyNG,1.60E+12,-1,0.870922,0.058085,0.941915
1485362497,以邦之名,刘聪KEY.L,1.60E+12,-1,0.293041,0.318132,0.681868
1484697997,生而有翼,AThree,1.60E+12,-1,0.87839,0.0547243,0.945276
1482866140,街区故事,刘聪KEY.L,1.60E+12,-1,0.350242,0.292391,0.707609
1483250250,博尔特,AThree,1.60E+12,1,0.262087,0.667939,0.332061
1481940421,见山,王以太,1.60E+12,-1,0.604421,0.178011,0.821989
1481100312,沉都 (Live),Kafe.Hu,1.60E+12,1,0.815867,0.91714,0.0828597
1478384763,烈火战马+空城计+重庆魂 (Live),GAI周延,1.60E+12,0,0.0761187,0.453806,0.546194
1325897401,四十大盗,艾福杰尼,1.54E+12,-1,0.149115,0.382898,0.617102
1475887256,新人王 (Prod.By Mai),0-100,1.60E+12,-1,0.627073,0.167817,0.832183
1472862669,沧海一声笑,GAI周延,1.60E+12,-1,0.809904,0.0855433,0.914457
1457592679,坏哥哥freestyle,那奇沃夫,1.59E+12,-1,0.979715,0.00912827,0.990872
1408930588,POUR IT UP,404 RAPPER,1.58E+12,1,0.828426,0.922792,0.0772081
1491012767,awake,RXNIN,1.60E+12,-1,0.924702,0.0338841,0.966116
1474660423,Hi,,,,,,
1467679131,B?B?,橙汁,1.60E+12,1,0.806724,0.913026,0.0869741
1411157152,My Back,mac ova seas,1.58E+12,-1,0.885564,0.051496,0.948504
1455387235,布瑞比小岛(BrBY Island),BrBY布瑞比,1.59E+12,1,0.719179,0.87363,0.12637
1403472797,Baby,CJ 周密,1.57E+12,1,0.591196,0.816038,0.183962
1397298823,一分钟,恶梦Yk,1.57E+12,1,0.986715,0.994022,0.0059783
1487528112,经济舱 (Live),Kafe.Hu,1.60E+12,1,0.568859,0.805987,0.194013
1482864953,Hey KONG,刘聪KEY.L,1.60E+12,1,0.830304,0.923637,0.0763631
1399095612,逃,CJ 周密,1.57E+12,1,0.828179,0.922681,0.0773194
1472307143,千梦枕 Outro,泥鳅Zinco,1.60E+12,-1,0.766202,0.105209,0.894791
1434365293,还要多久能遇到你,Sakee云雾,1.59E+12,1,0.553743,0.799184,0.200816
1475986935,合不来分不开,果妹,1.60E+12,1,0.276489,0.67442,0.32558
1443635905,特别的,果妹,1.59E+12,1,0.218051,0.648123,0.351877
1465310744,Let Go,黄礼格,1.60E+12,-1,0.712813,0.129234,0.870766
1393206015,普普通通,Kc,1.57E+12,-1,0.675105,0.146203,0.853797
1451410924,想你,沈克（NICK SHY),1.59E+12,0,0.732386,0.486619,0.513381
1404198856,清水翔太-信（DREAM remix）（活死人 / 小精灵 / 福克斯 remix）,活死人,1.57E+12,1,0.837668,0.926951,0.0730492
1382808527,LoveStruck,Lambert,1.57E+12,1,0.371458,0.717156,0.282844
1386038739,随身汀,沙一汀EL,1.57E+12,-1,0.366899,0.284896,0.715104
1467119206,o,莱斯利,1.60E+12,1,0.426344,0.741855,0.258145
1473650169,只对你心动,Double V,1.60E+12,1,0.996326,0.998347,0.00165348
1482465296,Neva Let You Go,嘻嘻DoubleX,1.60E+12,-1,0.190459,0.364293,0.635707
1494486922,粉色恋人prod by Cario,高坡上的大狗,1.61E+12,1,0.929827,0.968422,0.0315777
1488197845,木星上行,太o限,1.60E+12,1,0.949692,0.977362,0.0226385
1488796175,顽家,Jony J,1.60E+12,-1,0.723432,0.124455,0.875545
1313082595,听懂没,李佳隆,1.54E+12,-1,0.997351,0.00119212,0.998808
1469041281,很久很久,杨和苏KeyNG,1.60E+12,1,0.870252,0.941614,0.0583864
1296583188,星球坠落 (Live),艾热 AIR,1.53E+12,1,0.568325,0.805746,0.194254
490595927,不用去猜,Jony J,1.50E+12,-1,0.942869,0.0257089,0.974291
28830157,莫名我就喜欢你,C-BLOCK,1.40E+12,1,0.840893,0.928402,0.071598
1296833312,想你想你想我,巴音汗,1.53E+12,1,0.928361,0.967762,0.0322375
1484967131,孤独,G.E.M.邓紫棋,1.60E+12,1,0.852994,0.933847,0.0661525
1442320451,小丑女,杨和苏KeyNG,1.60E+12,1,0.352141,0.708463,0.291537
1432491214,早点早点,沙一汀EL,1.58E+12,1,0.0782885,0.58523,0.41477
1470634778,PS4,扭转局势Music,1.60E+12,1,0.852219,0.933499,0.0665014
483364570,潮?汐,Kc,1.50E+12,-1,0.759713,0.108129,0.891871
1482187366,对你说,JC简成杰,1.60E+12,1,0.99375,0.997187,0.00281252
480579332,Franklin,Higher Brothers,1.50E+12,1,0.237062,0.656678,0.343322
570172460,理都不理你,Yee,1.53E+12,-1,0.999167,0.000374863,0.999625
1361002219,Recognize Me,Mengzi,1.56E+12,1,0.768356,0.89576,0.10424
498320379,WOW,Dirty Class,1.50E+12,1,0.980366,0.991165,0.00883538
474099732,空城计,GAI周延,1.47E+12,-1,0.730579,0.12124,0.87876
480579337,711,Higher Brothers,1.50E+12,1,0.990479,0.995715,0.00428449
464976941,星球杯,李佳隆,1.49E+12,-1,0.98048,0.0087842,0.991216
1293904991,月儿圆,李佳隆,1.53E+12,-1,0.099057,0.405424,0.594576
557158202,别,李佳隆,1.52E+12,-1,0.400118,0.269947,0.730053
1298898548,特别,李佳隆,1.53E+12,1,0.971879,0.987346,0.0126542
522528606,超哥嗦,谢帝,1.52E+12,1,0.488248,0.769712,0.230288
543988605,母老虎,Ty.,1.52E+12,-1,0.999993,3.09E-06,0.999997
553814079,功成名就?Feat.?Masiwei,Ty.,1.52E+12,1,0.783014,0.902356,0.0976438
553812088,名牌包?Feat.?Melo?&?Psy.p?&?King?Chain,Ty.,1.52E+12,1,0.0144492,0.556502,0.443498
460414862,感觉不错,Ty.,1.49E+12,1,0.998692,0.999411,0.000588792
496298047,你猜我猜不猜,GAI周延,1.50E+12,1,0.39895,0.729528,0.270472
527625395,宇宙摩天轮,布瑞吉Bridge,1.51E+12,-1,0.967698,0.0145358,0.985464
534541400,买个包包 (Live版),布瑞吉Bridge,1.52E+12,-1,0.994346,0.00254409,0.997456
488569652,雾都历,布瑞吉Bridge,1.50E+12,-1,0.93483,0.0293264,0.970674
145223,Life's A Struggle,宋岳庭,1.06E+12,-1,0.950424,0.0223092,0.977691
1454375616,后浪,0-100,1.59E+12,-1,0.00646022,0.447093,0.552907
1422851903,瞎子,Mc光光,1.58E+12,-1,0.973974,0.0117118,0.988288
1426022018,花花公子 (feat. step.jad),马思唯,1.58E+12,-1,0.952317,0.0214575,0.978543
1428243603,她和她和她,于贞,1.58E+12,1,0.261661,0.667747,0.332253
1426828806,你对你的潜力一无所知,JERRYZ,1.58E+12,1,0.97558,0.989011,0.0109889
1456200611,爱的恰恰,宝石Gem,1.59E+12,1,0.997862,0.999038,0.000961931
1390469652,画（prod.by LORIN),杀不死Subs,1.57E+12,1,0.659237,0.846657,0.153343
1347300594,Flexing So Hard,Higher Brothers,1.55E+12,0,0.382867,0.469143,0.530857
1480360925,阿里郎 (Live),Ugly Z,1.60E+12,1,0.719007,0.873553,0.126447
1457329446,粒子们,于贞,1.59E+12,0,0.462577,0.526871,0.473129
1418602229,守护,幼稚园杀手,1.58E+12,0,0.749062,0.487453,0.512547
1358276770,真没睡,姜云升,1.56E+12,-1,0.994073,0.00266706,0.997333
1340535891,Kill The Game,Round_2,1.55E+12,0,0.74628,0.512686,0.487314
435306293,那个女人,JR Fog,1.48E+12,1,0.764744,0.894135,0.105865
1447595404,她没在看我,瘦子E.SO,1.59E+12,1,0.917332,0.962799,0.0372006
1411990343,K.O.,高天佐Trouble.Z,1.58E+12,-1,0.975214,0.0111537,0.988846
1329538017,ing ing,BigYear大年,1.54E+12,1,0.969082,0.986087,0.0139132
1474621496,水晶 (Live),GALI,1.60E+12,1,0.346647,0.705991,0.294009
1393575868,我不押了,O.WEN,1.57E+12,-1,0.0706849,0.418192,0.581808
1452131939,玛咖威力MAKAVELI AK (feat. Ty.),邓典果DDG,1.59E+12,-1,0.92314,0.0345868,0.965413
1442412173,几匹马,刘柄鑫,1.59E+12,-1,0.337432,0.298156,0.701845
1451169486,GOD FLOW,直火帮XZT,1.59E+12,-1,0.306459,0.312093,0.687906
1449876047,寄生虫 (feat. 杨和苏KeyNG),AR（刘夫阳）,1.59E+12,0,0.498286,0.474914,0.525086
1449876039,嗯,AR（刘夫阳）,1.59E+12,-1,0.967983,0.0144075,0.985592
1431276726,假的颗粒,Lil Jet,1.58E+12,-1,0.996701,0.00148444,0.998516
1432778698,Tricky Trick,NINEONE#,1.58E+12,-1,0.994294,0.00256783,0.997432
1361001351,Workin,Mengzi,1.56E+12,1,0.491616,0.771227,0.228773
1426022022,GO,马思唯,1.58E+12,1,0.99939,0.999725,0.000274596
1426022021,Where You At,马思唯,1.58E+12,-1,0.999848,6.84E-05,0.999932
1398548713,KRS-One-假装不知道（MC'S ACT LIKE THEY DON'T KNOW REMIX）（V.O.B remix）,V.O.B,1.57E+12,-1,0.895989,0.0468049,0.953195
442030459,Killa Phone,CREAM D,1.48E+12,-1,0.967893,0.014448,0.985552
1413142744,复读机FREESTYLE,大傻DamnShine,1.58E+12,-1,0.921394,0.0353727,0.964627
1411763928,装不下,ATM顶级玩家,1.58E+12,-1,0.660483,0.152783,0.847217
1411763827,颜色,ATM顶级玩家,1.58E+12,-1,0.73081,0.121135,0.878865
1405128778,仿生,辛巴,1.57E+12,1,0.0330541,0.564874,0.435126
1399399859,Murder,活死人,1.57E+12,1,0.395975,0.728189,0.271811
1495134252,深渊,Gemgar.,1.61E+12,-1,0.176387,0.370626,0.629374
1440479873,周慧敏-自作多情 REMIX（LON-LIN remix）,LON-LIN,1.59E+12,1,0.659079,0.846586,0.153414
1467032213,///o所^了&*（Prod.Kimj),Drippy Eric,1.60E+12,-1,0.609521,0.175716,0.824284
1482699911,BOAT,Richardd K Reaimtov(R2K97),1.60E+12,1,0.893687,0.952159,0.0478408
1489113314,网愈云,南希Nancy,1.60E+12,1,0.0555531,0.574999,0.425001
1465213835,LU2Y,逐荇,1.60E+12,1,0.0823454,0.587055,0.412945
1416047971,宿醉,嘉楠,1.58E+12,-1,0.422598,0.259831,0.740169
1485575739,等 着 我,逐荇,1.60E+12,1,0.999366,0.999715,0.000285363
1477351354,你听说的,荏花正立,1.60E+12,-1,0.966722,0.0149754,0.985025
1447982480,郁,毛亦周,1.59E+12,1,0.980317,0.991143,0.00885721
1456753171,陷阱（Prod By SOULFRESH ）,Triple_C,1.59E+12,1,0.999919,0.999963,3.66E-05
1484278341,"不是直男(￣￣)""只是不够爱你XnX",无名氏,1.60E+12,-1,0.0782324,0.414795,0.585205
1445964962,始于心动,逐荇,1.59E+12,1,0.814021,0.916309,0.0836906
1449553713,关于你的梦（Prod by Red Killer),老曹,1.59E+12,-1,0.0160514,0.442777,0.557223
1432632134,是我,KIND_CL,1.58E+12,-1,0.0331212,0.435095,0.564905
1331364073,地铁等待,VY,1.54E+12,1,0.526192,0.786786,0.213214
1476201393,消失的太阳,夏梵,1.60E+12,1,0.909415,0.959237,0.040763
553949075,别熬夜,张雪飞,1.52E+12,1,0.862629,0.938183,0.0618169
1357816155,失忆症,鬼卞,1.56E+12,-1,0.972553,0.0123513,0.987649
1367030280,Pick Me Up,404 RAPPER,1.56E+12,1,0.956774,0.980548,0.0194517
1397096659,飞檐走壁,GALI,1.57E+12,0,0.426614,0.471331,0.528669
1492143106,J至(prod.kwanchen),雪布Shalbooo,1.60E+12,-1,0.406083,0.267262,0.732738
1456536356,嘿 陌生人(prod.kwanchen),雪布Shalbooo,1.59E+12,-1,0.920794,0.0356429,0.964357
1480848896,天花板之上,Spylent,1.60E+12,-1,0.980299,0.00886527,0.991135
1491418810,2020蔚蓝Cypher(Prod By Red Killer),药童,1.60E+12,1,0.406077,0.732735,0.267265
1484402536,手术刀（Prod.by Goat Music）,张秉宽wide,1.60E+12,-1,0.984215,0.00710315,0.992897
1351560882,你不是我,李佳隆,1.55E+12,-1,0.999429,0.000256989,0.999743
486448012,WORDPLAY?FREESTYLE,AnsrJ,1.50E+12,1,0.488248,0.769712,0.230288
571339883,不够酷,ATM顶级玩家,1.53E+12,-1,0.930173,0.031422,0.968578
1381754523,Friends & Foes (feat. Snoop Dogg),Higher Brothers,1.56E+12,1,0.0452799,0.570376,0.429624
557581893,WATCH ME,王齐铭WatchMe,1.53E+12,1,0.987993,0.994597,0.00540294
477442521,Illusion?Freestyle,GALI,1.49E+12,-1,0.995639,0.00196263,0.998037
1365922099,Check Me Out,AnsrJ,1.56E+12,1,0.902945,0.956325,0.0436747
1306497049,Trust My Gut (Live),ICE,1.54E+12,1,0.99478,0.997651,0.0023491
420386024,Without You(DZ&PS￥.P)[Prod.Breezy],Higher Brothers,1.47E+12,-1,0.0412942,0.431418,0.568582
1361002221,金足印象,Mengzi,1.56E+12,-1,0.243339,0.340498,0.659502
1390477433,W.K.H.H.2.0,Sean Zh. (d),1.57E+12,-1,0.680832,0.143626,0.856374
1409024621,狂人日记,Mengzi,1.56E+12,-1,0.994449,0.00249774,0.997502
455345092,以下范上,C-BLOCK,1.49E+12,-1,0.797502,0.091124,0.908876
1441581243,The Notorious B.I.G.-Party&Bullsh*t Remix（mac ova seas remix）,mac ova seas,1.59E+12,-1,0.426109,0.258251,0.741749
1474168964,不沉默的羔羊,PO8,1.60E+12,-1,0.999293,0.000318001,0.999682
1450916835,OLD SCHOOL,YOUNG,1.59E+12,-1,0.691265,0.138931,0.861069
1377298179,修行,侃迪kandi,1.56E+12,-1,0.318065,0.306871,0.693129
1378141820,禁止通行,YOUNG,1.56E+12,-1,0.956278,0.0196747,0.980325
1477631120,Move In 2020,KIpushing旗旗,1.60E+12,-1,0.996504,0.00157319,0.998427
1404518305,BACK,YSJ,1.57E+12,1,0.0591154,0.576602,0.423398
1468021479,Classic,Mercy,1.60E+12,1,0.335275,0.700874,0.299126
1456750667,H.N.T.R,P.F.B,1.59E+12,-1,0.991785,0.00369687,0.996303
1457757355,霓虹,PO8,1.59E+12,-1,0.781491,0.0983289,0.901671
32648712,进化(feat.EB),Lil Andy,1.42E+12,-1,0.982346,0.00794415,0.992056
32648708,释放,Lil Andy,1.42E+12,1,0.0840493,0.587822,0.412178
1430459798,Riot,P.F.B,1.58E+12,-1,0.986926,0.00588349,0.994116
29779801,Beautiful Day Beautiful Life,Lil Andy,1.37E+12,1,0.980317,0.991143,0.00885721
29779799,Still Chase,Lil Andy,1.37E+12,-1,0.520261,0.215882,0.784118
28152242,Turn?it?up,Lil Andy,1.48E+12,1,0.96303,0.983364,0.0166365
31273096,EGO,B.C.W.懒领阶级,1.41E+12,0,0.305775,0.465289,0.534711
445154882,三千里,C-BLOCK,1.48E+12,-1,0.144995,0.384752,0.615248
1295724562,哥们Freestyle,刘聪KEY.L,1.53E+12,-1,0.350052,0.292477,0.707523
454966913,江湖流,C-BLOCK,1.49E+12,-1,0.339768,0.297104,0.702896
1380123262,投名状 The Oath,GAI周延,1.56E+12,1,0.594108,0.817349,0.182651
1355292211,Ghost face,法老,1.55E+12,0,0.530111,0.476506,0.523494
1325898369,Yellow Skin Flow,艾福杰尼,1.54E+12,-1,0.114526,0.398464,0.601537
1349292048,心如止水,Ice Paper,1.55E+12,-1,0.954848,0.0203185,0.979681
1356972623,One Two,EINK,1.55E+12,-1,0.659662,0.153152,0.846848
1454382436,星际穿越「interstellar」feat.JC,DOATSR4E,1.59E+12,1,0.925742,0.966584,0.0334159
1460682463,How Are You,梁老师Tsong,1.60E+12,0,0.208456,0.460423,0.539577
1356147382,KNOW MY NAME,YKEY,1.55E+12,-1,0.964285,0.0160719,0.983928
469384094,Vancci,西奥Sio,1.49E+12,-1,0.809343,0.0857954,0.914205
1320100120,飞行随笔(Airplane Freestyle),福克斯,1.54E+12,1,0.882041,0.946919,0.0530815
1342823472,鸦雀无声,Ice Paper,1.55E+12,-1,0.910689,0.0401901,0.95981
1358035539,零落（Scattered）,康康KANG,1.56E+12,-1,0.955952,0.0198217,0.980178
1336131114,Winter Olympics,BLOWFEVER,1.55E+12,-1,0.791251,0.0939371,0.906063
866053503,带你去海边,LOFTHESTAR,1.53E+12,1,0.583373,0.812518,0.187482
1308839598,河边烧烤,GNS耀耀,1.54E+12,0,0.0759494,0.546203,0.453797
1310971373,情书,雷智皓,1.54E+12,1,0.607023,0.82316,0.17684
1311615091,三个火枪手,Sand,1.54E+12,1,0.523531,0.785589,0.214411
430793721,当妮走了,徐真真,1.47E+12,-1,0.00493156,0.447781,0.552219
1309380256,当下,ETON恶童,1.54E+12,-1,0.610685,0.175192,0.824808
1308064540,清醒,Double C,1.54E+12,-1,0.964909,0.0157908,0.984209
1302172805,妈妈说,红双,1.53E+12,1,0.998233,0.999205,0.000795056
1309388929,午夜心碎俱乐部4.s,大D(DLyn),1.54E+12,1,0.734162,0.880373,0.119627
546279760,目不转睛,王以太,1.52E+12,1,0.600437,0.820196,0.179804
1298418053,Best,恶梦Yk,1.53E+12,0,0.295376,0.535231,0.464769
1304922105,唁,琨,1.54E+12,1,0.294062,0.682328,0.317672
1301574695,今晚吃鸡 大吉大利,山姆山山,1.53E+12,1,0.710706,0.869818,0.130182
1294899387,麻辣小龙虾,岳伽南K!yo,1.53E+12,-1,0.971296,0.0129169,0.987083
529665079,爬墙少年,直火帮 Straight Fire Gang,1.52E+12,1,0.935967,0.971185,0.028815
562597178,它,王愚,1.54E+12,-1,0.969057,0.0139243,0.986076
573949948,心,Y文,1.53E+12,-1,0.794276,0.0925756,0.907424
1294900010,REL1nqu1sh,Yee,1.53E+12,-1,0.75105,0.112027,0.887973
145225,Daydream,宋岳庭,1.06E+12,1,0.971286,0.987078,0.0129215
462565213,谢谢你,Mc光光,1.49E+12,1,0.510479,0.779716,0.220284
440090070,自白书?僵尸?feat?梁老师T.$ong,梁老师Tsong,1.45E+12,1,0.147068,0.616181,0.383819
36924430,光来之前,AM,1.37E+12,-1,0.499489,0.22523,0.77477
501529541,嗯哼?,丸,1.50E+12,-1,0.411232,0.264946,0.735054
862353241,战颂（Prod?By?张杰峻）,浩宁-NotBe,1.53E+12,1,0.0245057,0.561028,0.438972
551983101,21?(Prod.?by?DJ??ND?）,D4 Music,1.52E+12,1,0.128516,0.607832,0.392168
516571913,寂寞先生REMIX（翻自 曹格） ,马英伦,1.51E+12,-1,0.999006,0.000447282,0.999553
520173647,XA CITY,Dirty Twinz,1.51E+12,-1,0.417843,0.26197,0.73803
534542490,奴隶,Jony J,1.52E+12,-1,0.999316,0.000308038,0.999692
26524701,My?Heart?Will?Go?On,满舒克,1.36E+12,1,0.609877,0.824445,0.175555
482056804,高，还没富，但帅,Ty.,1.50E+12,1,0.998419,0.999288,0.00071154
485232943,个人简介,安全着陆,1.50E+12,1,0.927376,0.967319,0.0326809
462769331,独行侠,YKEY,1.49E+12,-1,0.372133,0.28254,0.71746
407444725,FIGHT?FOR?IT?ft.?丁爽（Prod.?by?大眼炮）[Clean?Version],王天放FrankiD,1.46E+12,-1,0.218759,0.351558,0.648441
61255,十年 Feature(Feat. SoftLipa.Jnco),AP满人,1.28E+12,1,0.482125,0.766956,0.233044
574373010,Gold,Cokye,1.53E+12,-1,0.769531,0.103711,0.896289
571464914,阳光沙滩Remix（Feat.NaCho）,宣宣XwX,1.53E+12,-1,0.967281,0.0147236,0.985276
551130725,你晓得撒,Cokye,1.52E+12,-1,0.995551,0.0020022,0.997998
1383954630,Hey KONG,刘聪KEY.L,1.60E+12,1,0.753533,0.88909,0.11091
1477314678,Run Dat Shit,Fuzzy,1.60E+12,-1,0.68594,0.141327,0.858673
1476455405,冷血 (Live),白景屹BrAnTB,1.60E+12,1,0.797811,0.909015,0.0909849
1323153408,达尔文的精神病院,林轩,1.54E+12,-1,0.991248,0.0039384,0.996062
554244265,TIME,小青龙,1.52E+12,1,0.57656,0.809452,0.190548
1478384762,巴比伦 (Live),潘玮柏,1.60E+12,-1,0.379401,0.27927,0.72073
1472877241,嗨咯喂 (Live),李佳隆,1.60E+12,-1,0.993078,0.0031148,0.996885
1478388035,I’m Outcha Remix (Live),吴亦凡,1.60E+12,-1,0.429459,0.256743,0.743257
1388366084,开心真Giao,徐真真,1.57E+12,1,0.752497,0.888624,0.111376
1473125173,嘘Shush (Live),李大奔_,1.60E+12,0,0.795831,0.489792,0.510208
1477309002,公主病,宝石Gem,1.60E+12,1,0.997861,0.999037,0.000962643
1476449942,卫星Satellite (Live),李佳隆,1.60E+12,-1,0.494765,0.227356,0.772644
1477562583,这圈子是个trap,Mc光光,1.60E+12,-1,0.48289,0.232699,0.767301
501082522,凌晨两点半,Round_2,1.50E+12,1,0.631591,0.834216,0.165784
1426022013,黑马王子,马思唯,1.58E+12,1,0.622603,0.830171,0.169829
364899,归,龙井说唱,1.19E+12,-1,0.990278,0.00437482,0.995625
1384562517,红色,幼稚园杀手,1.57E+12,1,0.810527,0.914737,0.0852628
358462,十年,黄金年代,1.21E+12,1,0.63844,0.837298,0.162702
26577096,心魔,西米,1.33E+12,0,0.169917,0.541504,0.458496
442518718,挂念,爽子,1.48E+12,1,0.75596,0.890182,0.109818
1357815628,佳人,鬼卞,1.56E+12,-1,0.219314,0.351309,0.648691
542906780,长河,大傻DamnShine,1.52E+12,1,0.992115,0.996452,0.00354823
28987167,一个人,幼稚园杀手,1.39E+12,1,0.992485,0.996618,0.00338167
31168104,夜三里,龙井说唱 孙旭,1.43E+12,1,0.98707,0.994182,0.00581837
28258150,中国人,大置,1.10E+12,1,0.999106,0.999598,0.000402218
1377785184,斗地主,刘聪KEY.L,1.56E+12,-1,0.950658,0.0222041,0.977796
183315,凡人歌,幼稚园杀手,1.28E+12,1,0.980358,0.991161,0.00883903
1294889948,模特儿,安全着陆,1.53E+12,1,0.522572,0.785157,0.214843
33984984,穷孩子,胆紫/PurpleSoul,1.37E+12,1,0.395465,0.727959,0.272041
1493730798,219,D26,1.60E+12,-1,0.679413,0.144264,0.855736
1488985556,Free throw,法老,1.60E+12,-1,0.976154,0.0107305,0.989269
1488985590,科幻小说,法老,1.60E+12,-1,0.967136,0.0147889,0.985211
1462923102,午夜伤心电台,艾热 AIR,1.59E+12,1,0.340535,0.703241,0.296759
1475637391,Moonlight,lil MILK,1.60E+12,-1,0.434,0.2547,0.7453
1467105436,天使与魔鬼,幼稚园杀手,1.60E+12,-1,0.98368,0.00734375,0.992656
1488990367,逃学威龙,法老,1.60E+12,-1,0.971249,0.012938,0.987062
1477284514,你想要的他,9 Tribez,1.60E+12,0,0.474738,0.473737,0.526263
1296645941,皇帝的新衣?(Skr),AR（刘夫阳）,1.53E+12,-1,0.985021,0.00674064,0.993259
1298655068,“End?of?the?world”,高天佐Trouble.Z,1.53E+12,1,0.287108,0.679198,0.320802
34964309,φ.凶宅,熊仔,1.44E+12,-1,0.0436899,0.430339,0.56966
1318571230,很高兴认识你,C-BLOCK,1.54E+12,1,0.998445,0.9993,0.000699589
1358758825,Back To Back（安，氧，Feat. Al Rocco）,深蓝儿童,1.56E+12,-1,0.481433,0.233355,0.766645
559675214,Cray?(feat.?Gold?Medals,,,,,,
1397096044,Battle,姜云升,1.57E+12,-1,0.193178,0.36307,0.63693
1364418034,丢人吗？（by：yondo）,连麻Swimming,1.56E+12,-1,0.974746,0.0113643,0.988636
1474910755,Pretties,EnMoon1,1.60E+12,1,0.827515,0.922382,0.0776184
1470684990,GANG BAND 2020 CYPHER,ayingotthesauce,1.60E+12,1,0.554539,0.799542,0.200458
1472142000,少数派2020CYPHER,少数派Minority Crew,1.60E+12,-1,0.95709,0.0193094,0.980691
1464587383,2020 Hongshan Park Cypher,小肆,1.60E+12,-1,0.986895,0.00589707,0.994103
1462024315,SMG MIX 2020 CYPHER,SMG（SubMachine Gun）,1.59E+12,-1,0.112497,0.399376,0.600624
1457574395,伙聚,JD,1.59E+12,0,0.413967,0.529302,0.470698
1457069087,1SHOT CYPHER 2020,Cee,1.59E+12,-1,0.389129,0.274892,0.725108
1450931141,西部燥音cypher2020,西部燥音,1.59E+12,-1,0.666739,0.149967,0.850033
1444140174,成都集团2020cypher (Prod. by HARIKIRI),成都集团,1.59E+12,-1,0.999926,3.32E-05,0.999967
1438432253,Bilibili 2020 Cypher,Spylent,1.59E+12,-1,0.653234,0.156045,0.843955
1374043675,大风起,顺德,1.56E+12,-1,0.973118,0.012097,0.987903
1413387394,地下之光,Basehead,1.58E+12,-1,0.892757,0.0482594,0.951741
1387017231,自下而上 Bottom-Up Cypher #1,王大痣,1.57E+12,-1,0.963704,0.0163331,0.983667
1394155242,红色-山河版,法老,1.57E+12,1,0.999899,0.999955,4.53E-05
1359717856,挑战challenge,那吾克热-NW,1.56E+12,-1,0.714136,0.128639,0.871361
1398654392,Y.M.C Cypher Ⅰ,夜楠H.,1.57E+12,1,0.34033,0.703149,0.296851
424496705,GIMME?5,NOUS,1.47E+12,-1,0.930635,0.0312143,0.968786
425100644,TIKI?TAKA,NOUS,1.47E+12,1,0.397953,0.729079,0.270921
1420292777,UNTITLED,辛巴,1.58E+12,-1,0.969398,0.0137709,0.986229
1306507665,再见Hip-Hop,张震岳,1.54E+12,1,0.980981,0.991441,0.00855873
525016797,水木道,宿涵,1.51E+12,0,0.781581,0.510921,0.489079
1298416297,Still Motherfxxka(Prod.by DAO),西奥Sio,1.52E+12,-1,0.853683,0.0658428,0.934157
865738683,盗亦有道,大傻DamnShine,1.53E+12,-1,0.96723,0.0147465,0.985254
1299604534,独一无二,吕大叶,1.53E+12,-1,0.476577,0.23554,0.76446
1305289168,Tokyo Luv Ⅱ,桑尼,1.54E+12,1,0.778317,0.900243,0.0997571
1302084161,听你说晚安,Mc光光,1.54E+12,1,0.369066,0.71608,0.28392
1305596385,相见恨晚,刘瀚声Rainy Y,1.54E+12,1,0.977342,0.989804,0.010196
1305793380,MEDS,Sbazzo,1.54E+12,1,0.590476,0.815714,0.184286
1294436322,superhero,Mc光光,1.54E+12,-1,0.987989,0.00540497,0.994595
866007361,现世道,Wayne,1.53E+12,1,0.618719,0.828423,0.171577
507154445,假如他,吕大叶,1.52E+12,-1,0.410748,0.265163,0.734837
865277100,Mr.Rapper,Sbazzo,1.53E+12,1,0.165718,0.624573,0.375427
865607288,Bump n Jump,Mc光光,1.54E+12,-1,0.556893,0.199398,0.800602
419373878,开门见山,Jony J,1.44E+12,-1,0.994445,0.00249967,0.9975
862916632,Mr.nobody,ETON恶童,1.53E+12,-1,0.938508,0.0276715,0.972328
546018504,命中,KT,1.52E+12,1,0.998826,0.999472,0.000528142
454698660,Coming Home,MC Hotdog,1.45E+12,1,0.980582,0.991262,0.00873789
571340930,got2b,Toy王奕,1.53E+12,1,0.969755,0.98639,0.0136104
569200290,抱着你,Toy王奕,1.53E+12,-1,0.967268,0.0147295,0.985271
358460,纯正好货,黄金年代,1.21E+12,1,0.487307,0.769288,0.230712
33941997,兄弟 ,龙井说唱 孙旭,1.39E+12,-1,0.977276,0.0102256,0.989774
135121,我的生活,MC Hotdog,9.86E+11,1,0.78525,0.903363,0.0966374
135028,离开,MC Hotdog,1.34E+12,-1,0.967261,0.0147326,0.985267
463842914,无人喝彩,小老虎,1.35E+12,1,0.0112812,0.555077,0.444923
28828011,说唱艺术,小老虎,1.37E+12,1,0.760244,0.89211,0.10789
33894141,intro冷板凳,马思唯,1.39E+12,-1,0.852216,0.066503,0.933497
1424846676,关于小熊（翻自 Cee） ,李明轩Alex.L,1.58E+12,1,0.756264,0.890319,0.109681
534621822,焚书坑儒,Mc光光,1.52E+12,-1,0.993711,0.0028302,0.99717
384206,Best Friend,天王星,1.11E+12,-1,0.183885,0.367252,0.632748
1319854361,押韵歌,AR（刘夫阳）,1.55E+12,-1,0.276532,0.325561,0.674439
27562140,从这里出发,Mc光光,1.34E+12,-1,0.532528,0.210362,0.789638
5251443,带着梦想飞,FatKan,1.21E+12,1,0.179287,0.630679,0.369321
5252134,亚洲精神,醉人,1.20E+12,1,0.80478,0.912151,0.0878488
65795,I Can Fly,陈冠希,1.29E+12,1,0.966795,0.985058,0.0149423
460225644,杀死差不多先生,EB高梦博,1.44E+12,-1,0.997252,0.00123654,0.998764
1417320664,不想过冬天,Lil Dream,1.58E+12,1,0.646584,0.840963,0.159037
1494794636,Sunlight,Lionzed,1.61E+12,1,0.582083,0.811938,0.188062
1320326290,Random Thoughts,Lionzed,1.54E+12,-1,0.0274362,0.437654,0.562346
1494606791,Punchline,WaShingZ,1.61E+12,-1,0.994942,0.002276,0.997724
1473837417,“和她”,WaShingZ,1.60E+12,-1,0.151403,0.381869,0.618131
1411790451,诙谐,直火帮XZT,1.58E+12,-1,0.972118,0.0125471,0.987453
1481948521,今夜不想你一人走,浦东老农民,1.60E+12,-1,0.964905,0.0157926,0.984207
1336871435,如果死亡将要来临,法老,1.54E+12,-1,0.997249,0.0012379,0.998762
1337032503,夜寞寂Kimoji,刘聪KEY.L,1.55E+12,1,0.974855,0.988685,0.0113153
1488250378,星期天的蓝玫瑰,张哲玮,1.60E+12,1,0.996162,0.998273,0.00172711
1387629757,四面楚歌,Anti-General,1.57E+12,-1,0.999359,0.000288294,0.999712
420008093,05 Turn the Radio Off (Commercial Break),Cee,1.47E+12,1,0.612633,0.825685,0.174315
1294910929,行路难,安全着陆,1.53E+12,-1,0.504023,0.223189,0.776811
1334297124,大气层,法老,1.54E+12,0,0.302665,0.465133,0.534867
1334473377,两个世界,刘聪KEY.L,1.55E+12,-1,0.963338,0.0164976,0.983502
553258598,Pray For You,杨和苏KeyNG,1.52E+12,-1,0.00482043,0.447831,0.552169
1381365377,孪生兄弟,直火帮 Straight Fire Gang,1.56E+12,-1,0.105541,0.402506,0.597494
1374653103,24,泥鳅Zinco,1.56E+12,-1,0.0709221,0.418085,0.581915
454966919,火苗,C-BLOCK,1.49E+12,1,0.110165,0.599574,0.400426
1480361519,新光巷 (Live),小青龙,1.60E+12,-1,0.964904,0.0157934,0.984207
1476187560,拿破仑,王愚,1.60E+12,1,0.974443,0.9885,0.0115005
1377565694,Hello,,,,,,
1342808239,这里是杭州（LOVE PARADISE）,TangoZ,1.55E+12,1,0.140984,0.613443,0.386557
1355896807,风的颜色,NINEONE#,1.56E+12,-1,0.722642,0.124811,0.875189
523251474,说散就散,艾福杰尼,1.51E+12,-1,0.210053,0.355476,0.644524
1411328772,灯塔,C-BLOCK,1.58E+12,1,0.724263,0.875918,0.124082
1444487943,不好意思让你失望了（Prod.lxve）,深蓝儿童,1.59E+12,-1,0.764229,0.106097,0.893903
1356293877,爸爸的手表 (Album Version),Lu1,1.55E+12,1,0.902112,0.95595,0.0440495
1414783973,人生指导,姜云升,1.58E+12,-1,0.999945,2.47E-05,0.999975
1300132777,无稽之谈Remix,新秀,1.53E+12,0,0.0967073,0.454835,0.545165
569153583,北京残阳(In time Remix),辉子,1.53E+12,1,0.953337,0.979002,0.0209982
41651196,青春叛逆手,Tizzy T,1.45E+12,1,0.541962,0.793883,0.206117
1414783972,你一定能够成为你想要去成为的人,姜云升,1.58E+12,1,0.475605,0.764022,0.235978
1414783969,Intro,姜云升,1.58E+12,-1,0.0265029,0.438074,0.561926
1413828012,如果你不懂我,Saber梁维嘉,1.58E+12,-1,0.965355,0.0155904,0.98441
501311119,皇帝,KM,1.50E+12,-1,0.638403,0.162719,0.837281
1339632013,无用之人,JR Fog,1.55E+12,-1,0.960621,0.0177204,0.98228
1474643126,边个,JR Fog,1.60E+12,-1,0.999756,0.000110011,0.99989
1493841843,小众歌手,KM,1.60E+12,-1,0.997902,0.000944068,0.999056
1489311551,高考症,灵山村帮,1.60E+12,1,0.926658,0.966996,0.0330042
1491217250,你愿意吗？,灵山村帮,1.60E+12,-1,0.592036,0.183584,0.816416
1477851415,玩游戏 (feat. KnowKnow),高天佐Trouble.Z,1.60E+12,-1,0.489732,0.229621,0.770379
451008218,暴言,YoungQueenz,1.45E+12,1,0.488248,0.769712,0.230288
1477850683,天赐2.0,高天佐Trouble.Z,1.60E+12,-1,0.0905524,0.409251,0.590749
1477850678,冠军之旅,高天佐Trouble.Z,1.60E+12,1,0.796799,0.90856,0.0914403
1477850680,布莱克 (feat. 法老),高天佐Trouble.Z,1.60E+12,-1,0.951102,0.0220039,0.977996
1472307132,限速,泥鳅Zinco,1.60E+12,-1,0.314494,0.308478,0.691522
1454936176,今晚炒冷饭,灵山村帮,1.59E+12,-1,0.962228,0.0169976,0.983002
1487527161,树大招风 (Live),威尔,1.60E+12,-1,0.179186,0.369366,0.630634
1479279838,加时赛,瘦恒SoulHan,1.60E+12,-1,0.962926,0.0166832,0.983317
1486394658,DOUBLE O,CA$HYBOI,1.60E+12,-1,0.107141,0.401786,0.598214
137426,Google Me,Masta Mic,1.30E+12,-1,0.887052,0.0508267,0.949173
137403,Don't Be A Stupid Rapper,Masta Mic,1.30E+12,1,0.980317,0.991143,0.00885721
1365724948,Fire,Masta Mic,1.52E+12,-1,0.976709,0.0104809,0.989519
1318748895,从来没在怕,YSJ,1.54E+12,-1,0.999874,5.65E-05,0.999943
1394700927,Ghost Writer,Oliver Jiang,1.57E+12,-1,0.0156303,0.442966,0.557034
1390825173,Tech N9ne-Like I Ain't（小酷Coola remix）,小酷Coola,1.57E+12,-1,0.836091,0.0737591,0.926241
1447967495,臭弟弟SUCK BROTHER,ICE,1.59E+12,0,0.861337,0.493067,0.506933
1444655115,BONG BONG,ICE,1.59E+12,-1,0.220684,0.350692,0.649308
1381368357,乌合之众,直火帮 Straight Fire Gang,1.56E+12,0,0.6573,0.482865,0.517135
1376125188,70%,GALI,1.56E+12,-1,0.978109,0.00985084,0.990149
1360627875,山羊,Mercy,1.56E+12,-1,0.98665,0.0060074,0.993993
1366115031,椰林飘香 Freestyle,AR（刘夫阳）,1.56E+12,1,0.868035,0.940616,0.0593843
1442411465,《HolyGrail自传I：吹牛皮序章》,Holy Grail,1.59E+12,-1,0.994054,0.0026755,0.997325
1431866207,皇冠,新秀,1.58E+12,1,0.591927,0.816367,0.183633
1408941727,Mr. Bentley,KnowKnow,1.58E+12,1,0.991855,0.996335,0.00366526
1417481639,P.F.B,P.F.B,1.58E+12,-1,0.615868,0.172859,0.827141
1431941680,COLDLY,404 RAPPER,1.58E+12,-1,0.155964,0.379816,0.620184
1423032318,2.乌托邦（Hip-Hop Utopia),V.O.B,1.58E+12,1,0.651957,0.843381,0.156619
1330970507,My 22,逆时针向,1.54E+12,1,0.819798,0.918909,0.081091
1342278329,人生苦短,JSore,1.55E+12,1,0.990422,0.99569,0.00430992
1400095746,Shiloh Dynasty-Fall（C-Sea remix）,C-Sea,1.57E+12,-1,0.662943,0.151676,0.848324
1323303656,不要了,宇西,1.54E+12,-1,0.999908,4.16E-05,0.999958
540729713,在烟雾里弥漫,木秦,1.52E+12,1,0.720792,0.874356,0.125644
862100158,卡布奇诺,6诗人,1.53E+12,1,0.989282,0.995177,0.00482291
1350408545,背叛,咏者OGCJM,1.55E+12,-1,0.998249,0.000787797,0.999212
518682659,泡沫（Swang?Remix）,Swang多雷,1.51E+12,1,0.55259,0.798666,0.201334
1347993795,Feral Grass,果子,1.55E+12,-1,0.948717,0.0230775,0.976922
1302321243,悲伤每天SadEveryday,Jndo,1.53E+12,0,0.29901,0.46495,0.53505
1345100444,忘记(Prod. Lil Nickle),卓米酒,1.55E+12,1,0.756494,0.890422,0.109578
1339487747,不存在的以后,真香brother_贝塔,1.55E+12,-1,0.740774,0.116652,0.883348
1428579326,大都市（prod by Jhythme5）,Z,1.58E+12,1,0.997575,0.998909,0.00109108
521432830,等我回家（??? Remix）,孤矢,1.51E+12,1,0.781648,0.901741,0.0982586
456298253,U Try To Do Sth,JAEFOREAL,1.49E+12,-1,0.419567,0.261195,0.738805
864460086,一人饮酒醉Remix,k,1.53E+12,-1,0.999987,5.90E-06,0.999994
1212320,Sketch Plane,Cam Kelley,1.31E+12,1,0.955884,0.980148,0.0198521
558419104,the?rest?is?history,木秦,1.53E+12,1,0.87941,0.945734,0.0542657
471374398,随我,华晨宇,1.49E+12,1,0.507908,0.778558,0.221441
420400419,小猴子,蒋梓晨,1.47E+12,1,0.999438,0.999747,0.000252765
1490421312,《Holy Grail自传III：可乐辩论会》,Holy Grail,1.60E+12,1,0.594837,0.817677,0.182324
502477353,BALL,BLOWFEVER,1.50E+12,-1,0.968731,0.014071,0.985929
1458783781,凹凸凹（O2O）,2Night夜里,1.59E+12,-1,0.299081,0.315414,0.684586
1415148798,GO!,刘炫廷,1.58E+12,1,0.0102629,0.554618,0.445382
1322261402,反面教材,Kc,1.54E+12,1,0.175688,0.62906,0.37094
1384913819,自摸,HPC.,1.57E+12,-1,0.972751,0.0122621,0.987738
529197058,镰鼬,PO8,1.52E+12,-1,0.544721,0.204875,0.795125
1475913857,SPECIAL FORCES,Holy Grail,1.60E+12,1,0.599011,0.819555,0.180445
1366098515,Black,直火帮 Straight Fire Gang,1.56E+12,-1,0.994763,0.0023564,0.997644
1444186177,歌舞伎町的传奇,直火帮Feezy,1.59E+12,-1,0.979992,0.00900336,0.990997
1402877928,街头霸王,新秀,1.57E+12,-1,0.0241527,0.439131,0.560869
550376383,?,PO8,1.52E+12,1,0.793807,0.907213,0.092787
1388678547,太乱,Holy Grail,1.57E+12,-1,0.706059,0.132274,0.867726
1495941782,YioWerr药娃儿 (Prod.Ant Chamberlain),SASI,1.61E+12,-1,0.646628,0.159018,0.840982
1469227272,@所有人,J-李俊霖,1.60E+12,-1,0.0765524,0.415551,0.584449
1486902853,Back To Life,欧瑞SoulCore,1.60E+12,1,0.334434,0.700495,0.299505
1489294604,活在你的世界,吴壹,1.60E+12,1,0.829655,0.923345,0.076655
1488990359,My idol,法老,1.60E+12,1,0.991331,0.996099,0.0039009
1486763122,哎呦喂,YangYang,1.60E+12,-1,0.336242,0.298691,0.701309
1486520170,这是我最后一次消费你了,#Koos,1.60E+12,-1,0.97924,0.0093422,0.990658
1323763133,LOVE6,YOUNG,1.54E+12,-1,0.529433,0.211755,0.788245
1437339477,可以回头看 不能往回走,DeaconOnTheTrack,1.59E+12,1,0.104811,0.597165,0.402835
1482146943,Super X (Live),mac ova seas,1.60E+12,1,0.792678,0.906705,0.0932949
1480966954,,SOG,1.60E+12,-1,0.978187,0.00981589,0.990184
1480684988,DELETE,Yee,1.60E+12,-1,0.999718,0.000126854,0.999873
1479364780,把我变成雨天,ksovii,1.60E+12,0,0.929461,0.496473,0.503527
1385126375,UP! (Prod.DirtySosa),CHILYNOKIA,1.57E+12,0,0.396209,0.53019,0.46981
1477110992,说唱明星,畸形儿-DeformedBoi,1.60E+12,1,0.249982,0.662492,0.337508
1478226482,逃,Lil Wen,1.60E+12,1,0.853858,0.934236,0.0657637
1441576958,人为财死 鸟为食亡,mac ova seas,1.59E+12,-1,0.0203643,0.440836,0.559164
1454125389,7%,张星特,1.59E+12,1,0.103257,0.596466,0.403534
1356895465,当你死了,张雪飞,1.55E+12,-1,0.969913,0.0135391,0.986461
1474392521,ONE MINUTE,NEG关外马匪,1.60E+12,1,0.972842,0.987779,0.0122213
1454432743,飞船,日白Whitesun,1.59E+12,-1,0.723723,0.124325,0.875675
1452196313,2037（Prod by ChunLi128）,Lib Jas,1.59E+12,-1,0.979194,0.00936271,0.990637
1455591319,墨菲,小白龙Jerry,1.59E+12,1,0.0391507,0.567618,0.432382
1456903163,You Can't Catch Me Freestyle(Bonus Track),HAN,1.59E+12,1,0.0635556,0.5786,0.4214
1456903213,RUNNING,HAN,1.59E+12,-1,0.285987,0.321306,0.678694
1450167733,传人,李恩泽,1.59E+12,1,0.46707,0.760182,0.239818
1413183736,We Bad So high,Lambert,1.58E+12,1,0.873384,0.943023,0.0569772
1440684411,尘埃,Golden Stone,1.59E+12,-1,0.974158,0.0116291,0.988371
1321491289,开个玩笑[prod. by GZ],吉丁Kiddin,1.54E+12,-1,0.955793,0.019893,0.980107
1440704957,正是在下,李炎欣,1.59E+12,-1,0.906797,0.0419413,0.958059
1415619986,REPO,CLOUDWANG 王云,1.58E+12,1,0.939888,0.97295,0.0270502
1387102921,黑色研究 (A Study In Black),whySf,1.57E+12,-1,0.881881,0.0531534,0.946847
1414089290,ALO PIE,wweimm,1.58E+12,1,0.126663,0.606998,0.393002
1406523136,永不妥协,林森Listen,1.57E+12,-1,0.976094,0.0107579,0.989242
1384927076,危险分子,RA,1.57E+12,-1,0.0247657,0.438855,0.561145
1334921540,#我？（下）,杨N锡,1.55E+12,-1,0.0733243,0.417004,0.582996
1381609045,三及第,MIPS,1.56E+12,1,0.953625,0.979131,0.0208687
1466749230,航海日记,RUIS,1.60E+12,-1,0.105194,0.402663,0.597337
1486142809,纸包不住火,那吾克热-NW,1.60E+12,-1,0.22909,0.346909,0.653091
1336864680,战斗,Yee,1.55E+12,1,0.946493,0.975922,0.0240783
1455739576,毁灭战士（Prod.百川Rebellious）,深蓝儿童,1.59E+12,-1,0.853651,0.0658572,0.934143
1455739577,同仇敌忾（Prod.5:10）,深蓝儿童,1.59E+12,-1,0.999188,0.000365567,0.999634
503656412,LOVE OR HATE,Yee,1.50E+12,-1,0.431656,0.255755,0.744245
1362393936,“445”,YOUNG,1.55E+12,1,0.971195,0.987038,0.0129621
1449876055,ABC (feat. Buzzy,,,,,,
563241179,懒癌晚期（NINEONE Solo）,NINEONE#,1.50E+12,-1,0.767443,0.104651,0.895349
1429250856,国产Rap God,9 Tribez,1.57E+12,-1,0.99979,9.43E-05,0.999906
1368922228,干掉深蓝就在星期六（安，氧，爱，feat. 笑男孩，Prod.Roger）,深蓝儿童,1.56E+12,-1,0.983488,0.00743025,0.99257
434052706,Real?Rap?****,精气神制作,1.48E+12,-1,0.981327,0.00840276,0.991597
1398141899,痴人说梦(Feat.Kolerchn),折耳,1.57E+12,-1,0.993837,0.00277335,0.997227
1356124308,STAY LOW (ft. 泥鳅),直火帮 Straight Fire Gang,1.55E+12,-1,0.997781,0.000998352,0.999002
1325711433,So Different,艾福杰尼,1.54E+12,1,0.932834,0.969775,0.0302247
1411824576,囚徒,百川Rebellious,1.58E+12,-1,0.901359,0.0443884,0.955612
520274146,耐心 (Patience Pt.2),AR（刘夫阳）,1.51E+12,1,0.542415,0.794087,0.205913
1397011981,尼罗河畔 | WOKENDAY,默示船政,1.57E+12,-1,0.998345,0.000744824,0.999255
1293905047,Sleep,,,,,,
1491071724,Diablo,沈常S,1.60E+12,0,0.909972,0.495499,0.504501
1427865613,D-Day,胆紫/PurpleSoul,1.51E+12,1,0.984869,0.993191,0.00680876
1334149258,点将台,Lil Mark,1.55E+12,-1,0.646256,0.159185,0.840815
1321462262,贪.嗔.痴,刘悦spam,1.54E+12,-1,0.537114,0.208299,0.791701
1320597624,呐喊,Smoothie,1.54E+12,-1,0.0805975,0.413731,0.586269
1431047347,P.O.E - 白纸 (Prod. & Cuts By Dojo Shaolin),P.O.E,1.56E+12,-1,0.988891,0.00499912,0.995001
1394635733,北京双枪,South side QianZ,1.57E+12,-1,0.843907,0.0702419,0.929758
1344853859,一块胶布 (Clean Version),C-Low,1.52E+12,-1,0.00490387,0.447793,0.552207
1482253544,片段1,Caesar-C凯撒,1.60E+12,0,0.0821244,0.545894,0.454106
533548318,爱如潮水【REMIX】,程浩天MARIO,1.52E+12,-1,0.972608,0.0123265,0.987674
1470733367,I.D.G.A.F.,一泽万 EZ,1.60E+12,1,0.816601,0.91747,0.0825296
1456239051,向死而生,鬼卞,1.60E+12,1,0.529537,0.788291,0.211709
1444800580,我为洛丽塔代言（Prod.By Simon Marcus）,Bubble八宝,1.59E+12,-1,0.998614,0.000623497,0.999376
1464115317,眼睛,梦徐MX,1.60E+12,1,0.832924,0.924816,0.075184
1465354766,老子(Lao Zi),舌头打劫Rob ST,1.60E+12,1,0.926594,0.966967,0.0330325
551424131,燃烧,Smoothie,1.52E+12,0,0.737761,0.513112,0.486888
1395577272,惨绿少年,Swang多雷,1.58E+12,1,0.984968,0.993236,0.00676421
1494259745,I Need a Girl，Pt.3,马思唯,1.61E+12,1,0.99942,0.999739,0.000261018
1481744124,EXCUSE,2C,1.60E+12,1,0.975704,0.989067,0.0109333
1487212142,十五.五十,杨和苏KeyNG,1.60E+12,-1,0.97499,0.0112545,0.988745
1487212140,豫盖弥章,杨和苏KeyNG,1.60E+12,-1,0.995185,0.00216688,0.997833
1462875618,不怪她,HARIKIRI,1.60E+12,0,0.922348,0.503883,0.496117
1476449967,新闻发布会 (Live),Kafe.Hu,1.60E+12,-1,0.647401,0.158669,0.841331
1469628663,RAPSTAR,吴亦凡,1.60E+12,-1,0.780408,0.0988165,0.901183
1466680906,V5奥利给,马思唯,1.60E+12,1,0.996966,0.998635,0.00136524
1297750633,Can't be the one (prod by Kaytranada),马思唯,1.53E+12,1,0.997293,0.998782,0.00121816
535532068,深色胶,BigYear大年,1.52E+12,-1,0.453144,0.246085,0.753915
1426032473,别害怕,马思唯,1.58E+12,1,0.935867,0.97114,0.0288597
1457237838,花花公子 (KnowKnow Remix),KnowKnow,1.59E+12,1,0.955451,0.979953,0.020047
1306333181,想对你说情话,I・D・C,1.54E+12,1,0.962053,0.982924,0.0170762
1468158080,侠盗飞歌,功夫胖KungFuPen,1.60E+12,1,0.435303,0.745886,0.254114
1441097880,? FREESTYLE,ATM顶级玩家,1.59E+12,-1,0.633696,0.164837,0.835163
1441550312,FLY,WAYEEE,1.59E+12,1,0.259899,0.666955,0.333045
1404921191,我没那么游刃有余,艾热 AIR,1.57E+12,-1,0.675582,0.145988,0.854012
1429460851,弹雨 Ft.JD（Prod.FlyingJacuzzi）,深蓝儿童,1.59E+12,-1,0.916609,0.037526,0.962474
1375241842,唯有不甘,Cee,1.56E+12,1,0.866365,0.939864,0.0601359
1453777009,Mission to the Top,WAYEEE,1.59E+12,1,0.992293,0.996532,0.003468
1422651894,The Box Remix,AR（刘夫阳）,1.58E+12,-1,0.127209,0.392756,0.607244
532181453,单孤（Lil?Andy，YoungChigga，Lil?G，Prod.KAYVXN）,深蓝儿童,1.52E+12,0,0.089364,0.454468,0.545532
1449648967,FIRE,WAYEEE,1.59E+12,1,0.296612,0.683476,0.316524
1418906318,希望,AR（刘夫阳）,1.58E+12,1,0.976912,0.989611,0.0103894
1422643815,开场白,circleking,1.58E+12,-1,0.368781,0.284049,0.715951
1449873414,一丢丢（feat. 法老）,AR（刘夫阳）,1.59E+12,1,0.641792,0.838807,0.161193
1491155857,Can’t believe,李尔新,1.60E+12,1,0.744575,0.885059,0.114941
1491156903,回家 (feat. 王以太),李尔新,1.60E+12,1,0.478546,0.765346,0.234654
1489331140,赤兔,KOZAY,1.60E+12,-1,0.961265,0.0174307,0.982569
1482506677,VVSGANG 2020CYPHER,Six6rsc,1.59E+12,1,0.695971,0.863187,0.136813
1465948772,还没离开,李佳隆,1.60E+12,-1,0.461904,0.242143,0.757857
1465076733,2RUN,W.T.M,1.60E+12,1,0.666153,0.849769,0.150231
1456669499,破浪,Sean Zh. (d),1.59E+12,1,0.131508,0.609179,0.390821
1453325904,庄周梦蝶,Ice Paper,1.59E+12,-1,0.482095,0.233057,0.766943
1449822903,香奈儿 CHANEL,Psy.P,1.59E+12,1,0.999553,0.999799,0.000201304
1447966613,荡漾RIPPLES,ICE,1.59E+12,1,0.983141,0.992413,0.00758668
1447966596,RED HEART,ICE,1.59E+12,1,0.627738,0.832482,0.167518
1449821004,谁 Who,Psy.P,1.59E+12,1,0.054645,0.57459,0.42541
1449821005,土味情话 Sweet nothings,Psy.P,1.59E+12,1,0.93759,0.971915,0.0280846
1449822907,坏毛病 Bad Habits,Psy.P,1.59E+12,-1,0.999481,0.000233493,0.999767
1447967461,还没忘记DON‘T FORGET,ICE,1.59E+12,-1,0.586764,0.185956,0.814044
1444471942,Bring'Em Out Freestyle,SASI,1.59E+12,-1,0.969148,0.0138832,0.986117
1442504279,黑夜,Yee,1.59E+12,-1,0.717765,0.127006,0.872994
1443756680,MUD Ft. Rich_Nomadic (prod.consent2k ),SASI,1.59E+12,-1,0.94315,0.0255824,0.974418
1476406065,R.I.P Nujabes,王以太,1.42E+12,-1,0.623919,0.169237,0.830763
449239668,童言无忌（不插电）,王以太,1.48E+12,0,0.115886,0.455794,0.544206
1313052961,三思而后行 ,王以太,1.54E+12,-1,0.848801,0.0680396,0.93196
1453739303,Sorry,王以太,1.59E+12,-1,0.565956,0.19532,0.80468
546285149,FEEL.?REMIX,王以太,1.52E+12,-1,0.993912,0.00273949,0.997261
1396141677,阿司匹林,王以太,1.57E+12,0,0.440423,0.527979,0.472021
1396005548,人间天堂,王以太,1.57E+12,1,0.995776,0.998099,0.00190073
1396006331,挂羊头卖狗肉,王以太,1.57E+12,-1,0.988832,0.00502557,0.994974
1396146254,面对面的婚礼和并排的墓碑,王以太,1.57E+12,1,0.807079,0.913186,0.0868145
449235912,时间是金/?Time?Is?A?Fool,王以太,1.48E+12,0,0.939039,0.503048,0.496952
1444101384,一直都在,DP龙猪,1.59E+12,1,0.27641,0.674384,0.325616
1396005540,山羊,王以太,1.57E+12,-1,0.620259,0.170883,0.829117
546282750,Better?Than?Me？Feat.?辛巴?&?Pact,王以太,1.52E+12,-1,0.961954,0.0171207,0.982879
1437171904,抱一抱 (Live),王以太,1.59E+12,-1,0.544003,0.205199,0.794801
424495429,兰亭集序,辛巴,1.47E+12,1,0.850285,0.932628,0.0673716
1306497050,飞太远 (Live),张震岳,1.54E+12,-1,0.953108,0.0211014,0.978899
1372035143,YOKIMIYA,派克特（PACT）,1.56E+12,-1,0.393317,0.273007,0.726993
1488267303,毒,幼稚园杀手,1.60E+12,-1,0.990588,0.00423527,0.995765
364061,好兄弟,L.A.BOYZ,6.92E+11,1,0.949805,0.977412,0.0225876
364017,跳,L.A.BOYZ,7.25E+11,1,0.954251,0.979413,0.0205872
373113,广播道fans杀人事件,软硬天师,7.34E+11,1,0.997517,0.998883,0.00111726
135139,让我RAP,MC Hotdog,9.78E+11,-1,0.999968,1.42E-05,0.999986
79312,新鸦片战,DJ Tommy,9.91E+11,-1,0.999177,0.000370178,0.99963
348344,功夫,CMCB,1.03E+12,-1,0.99192,0.00363601,0.996364
368934,菩提本无,农夫,1.04E+12,-1,0.995854,0.00186568,0.998134
367020,乜野系恋爱,MP4,1.01E+12,1,0.644981,0.840241,0.159759
400278326,麻吉弟弟,黄立成&麻吉,1.05E+12,-1,0.743223,0.11555,0.88445
391200,黄皮肤的路,隐藏,1.07E+12,1,0.488248,0.769712,0.230288
5268901,夜夜夜,功夫,1.04E+12,-1,0.373827,0.281778,0.718222
135136,劈哩啪啦,麻吉弟弟,1.06E+12,-1,0.935287,0.0291207,0.970879
345749,REMEMBER WHEN,YIN TSANG,1.07E+12,1,0.980317,0.991143,0.00885721
366307,我的世界,黄立成&麻吉,1.09E+12,-1,0.971652,0.0127563,0.987244
388133,Rock Da House,嘻哈高校,1.09E+12,1,0.913899,0.961255,0.0387452
364286,我的自行车,王波,1.09E+12,1,0.851328,0.933098,0.0669023
355988,日落,功夫,1.08E+12,1,0.926423,0.96689,0.0331096
1346819509,吃傲,刘思敏,1.55E+12,-1,0.671325,0.147904,0.852096
1486672311,和全世界作对 (prod.Masiwei),KnowKnow,1.60E+12,1,0.176515,0.629432,0.370568
1431853746,淦,ZOK,1.58E+12,-1,0.966232,0.0151957,0.984804
1404149036,荒漠三剑客,活死人,1.57E+12,1,0.358561,0.711352,0.288648
135111,九局下半,MC Hotdog,1.00E+12,-1,0.0124721,0.444388,0.555612
1389571546,骤停,蝴蝶效应(B.E.),1.57E+12,-1,0.994548,0.0024535,0.997546
1367524443,凯瑟琳,圣代,1.57E+12,-1,0.136529,0.388562,0.611438
1370764788,Back 2,Doggie,1.56E+12,-1,0.957455,0.0191452,0.980855
1351620450,是你,永彬Ryan.B,1.55E+12,1,0.986048,0.993721,0.00627867
1494279248,身后,Lambert,1.61E+12,1,0.831559,0.924202,0.0757983
1361384409,嘻哈爱情浮世绘,XMASwu,1.56E+12,-1,0.0258643,0.438361,0.561639
1371772656,照顾你之前请先让我能填饱我的胃,杀不死Subs,1.56E+12,-1,0.908228,0.0412973,0.958703
1441581262,闪电,mac ova seas,1.59E+12,-1,0.701894,0.134148,0.865852
540946315,Melody Remix,Pc不会开飞机,1.52E+12,1,0.99028,0.995626,0.00437393
1365922104,Falling,AnsrJ,1.56E+12,1,0.825159,0.921322,0.0786783
1439680613,在吗,空匪,1.59E+12,1,0.998661,0.999397,0.000602554
1395914685,丢失,PO8,1.57E+12,1,0.032156,0.56447,0.43553
1411536848,玫瑰星云 Holy,刘柏辛Lexie,1.58E+12,1,0.290553,0.680749,0.319251
1467162436,Punch,AThree,1.60E+12,-1,0.807756,0.0865097,0.91349
1415750870,黄金屋,PO8,1.58E+12,1,0.486799,0.769059,0.230941
1449873493,我,AR（刘夫阳）,1.59E+12,-1,0.984811,0.00683496,0.993165
1304401067,Get Dat(prod.AYNJO),GALI,1.53E+12,-1,0.182878,0.367705,0.632295
1318887806,语音信箱,Mercy,1.54E+12,-1,0.909532,0.0407107,0.959289
1491156909,恬恬的,李尔新,1.60E+12,1,0.566478,0.804915,0.195085
1491155901,异地恋没得搞,李尔新,1.60E+12,-1,0.973558,0.0118988,0.988101
1487527348,Man of the city (feat. 马思唯),李尔新,1.60E+12,0,0.166984,0.458349,0.541651
1484023237,明天不喝酒,李尔新,1.60E+12,1,0.282129,0.676958,0.323042
1491155865,Rapper no vacation,李尔新,1.60E+12,-1,0.410066,0.26547,0.73453
1491155896,1031,李尔新,1.60E+12,-1,0.997137,0.00128836,0.998712
1491155833,Real money,李尔新,1.60E+12,-1,0.0273298,0.437702,0.562298
1491155864,假烟除外 (feat. Melo),李尔新,1.60E+12,-1,0.74549,0.114529,0.885471
1411569091,雨季,王齐铭WatchMe,1.58E+12,-1,0.512217,0.219503,0.780497
1410211679,凌晨五点,L4WUDU,1.58E+12,-1,0.894344,0.0475453,0.952455
462688654,顶两口,C-BLOCK,1.49E+12,1,0.927283,0.967277,0.0327226
1352818807,加冕,杨和苏KeyNG,1.55E+12,1,0.531906,0.789358,0.210643
516657177,Young Bridge,布瑞吉Bridge,1.51E+12,1,0.827812,0.922516,0.0774844
1407789625,醉酒的满哥,大傻DamnShine,1.58E+12,-1,0.987286,0.00572152,0.994278
553815245,庐山,C-BLOCK,1.52E+12,-1,0.020762,0.440657,0.559343
516857815,二手摩托,刘聪KEY.L,1.55E+12,-1,0.950433,0.022305,0.977695
28864697,Just Believe,顽童MJ116,1.41E+12,1,0.522909,0.785309,0.214691
1317410848,采访,法老,1.54E+12,1,0.128866,0.60799,0.39201
1377556924,酒过三巡(Cheers),福克斯,1.56E+12,0,0.854418,0.492721,0.507279
135023,不吃早餐才是一件很嘻哈的事,MC Hotdog,1.34E+12,-1,0.712772,0.129253,0.870748
1353428264,都走了,杨和苏KeyNG,1.55E+12,-1,0.976088,0.0107606,0.989239
1374496634,干杯就干杯,Dirty Twinz,1.56E+12,1,0.392393,0.726577,0.273423
1491231764,壹 (Live),李大奔_,1.60E+12,-1,0.832461,0.0753926,0.924607
1491237390,天选之子 (Live),GALI,1.60E+12,1,0.845395,0.930428,0.0695723
1491237384,黄金・笨蛋・交响乐 (Live),Kafe.Hu,1.60E+12,-1,0.997367,0.00118474,0.998815
1491231712,我想告诉你 (Live),Kafe.Hu,1.60E+12,1,0.980224,0.991101,0.00889911
1491237360,回忆垃圾桶 (Live),李佳隆,1.60E+12,-1,0.94635,0.0241427,0.975857
1491231684,喜剧人生 (Live),王齐铭WatchMe,1.60E+12,1,0.999658,0.999846,0.000154056
1491237340,1992 (Live),GALI,1.60E+12,1,0.0745608,0.583552,0.416448
1491237338,One Love (Live),李佳隆,1.60E+12,1,0.087299,0.589285,0.410715
1491231670,天幕 (Live),王齐铭WatchMe,1.60E+12,-1,0.999577,0.000190448,0.99981
1491231659,贰 (Live),李大奔_,1.60E+12,0,0.599359,0.479968,0.520032
1491231648,stand by me (Live),潘玮柏,1.60E+12,-1,0.00817882,0.446319,0.55368
1491231647,投名状 (Live),GAI周延,1.60E+12,1,0.983459,0.992557,0.00744346
1491237295,林中游 (Live),吴亦凡,1.60E+12,-1,0.645397,0.159571,0.840429
1491231632,嘻哈魂 (Live),艾热 AIR,1.60E+12,1,0.982674,0.992203,0.00779657
1487528118,单身 (Live),梁老师Tsong,1.60E+12,1,0.971456,0.987155,0.0128448
1487528121,莫斯科 (Live),mac ova seas,1.60E+12,-1,0.526182,0.213218,0.786782
1487528129,Small town king (Live),王齐铭WatchMe,1.60E+12,1,0.737725,0.881976,0.118024
1487527157,珍珠幻象 (Live),GALI,1.60E+12,-1,0.924577,0.0339404,0.96606
1487528134,没有空 (Live),AnsrJ,1.60E+12,1,0.993921,0.997265,0.00273535
480579336,Yahh,Higher Brothers,1.50E+12,1,0.252414,0.663586,0.336414
1305365711,孔雀症,HAS,1.54E+12,-1,0.835182,0.0741681,0.925832
1425958454,Dior,YOUNG13DBABY,1.58E+12,1,0.878085,0.945138,0.0548618
502205758,深水炸弹(Prod.By?GT?Musick),Afar陈侣帆,1.50E+12,-1,0.999625,0.000168881,0.999831
1398850086,蝴蝶效应,KOZAY,1.57E+12,0,0.719111,0.485956,0.514044
1303019571,11:11,XIN ZHU,1.53E+12,-1,0.953896,0.020747,0.979253
1357985446,22,NINEONE#,1.56E+12,-1,0.942379,0.0259295,0.97407
1300409799,Hi-Tech,SWALEN,1.53E+12,1,0.512637,0.780686,0.219314
525238510,SUNSET BLVD（Prod. by YYKBZ）,OB03,1.51E+12,1,0.774861,0.898688,0.101312
459574067,晚安迷妹 （Prod. by YYKBZ）,OB03,1.49E+12,1,0.99586,0.998137,0.00186306
1426600883,want u right now,WendyNONO,1.58E+12,-1,0.445968,0.249314,0.750686
1323125215,范儿,陈近南,1.54E+12,1,0.850729,0.932828,0.0671719
1396337898,绿茶精・Saucy,sos,1.57E+12,-1,0.940347,0.0268437,0.973156
574660128,Poison,XIN ZHU,1.53E+12,-1,0.735146,0.119184,0.880816
450562488,桌球棋牌Feat.Buzzy/Ms.CANG,Lil Jet,1.48E+12,1,0.839966,0.927985,0.0720154
425295473,菩萨保佑,Tizzy T,1.47E+12,1,0.858891,0.936501,0.0634992
478382773,PAY（feat MC法老）,Lil Andy,1.49E+12,-1,0.999472,0.000237495,0.999763
1294899230,场上称霸 (Live),Vinida (万妮达),1.53E+12,-1,0.163616,0.376373,0.623627
1416335714,救赎,JRYYD尹熙龙,1.58E+12,-1,0.988088,0.00536025,0.99464
1460966070,Love In My Pocket,Rich Brian,1.59E+12,1,0.985459,0.993456,0.00654358
1322853957,DoDo,SJoK,1.54E+12,1,0.145199,0.615339,0.384661
1466327664,Don't F With Me,SDNU-MUSIC,1.60E+12,-1,0.421295,0.260417,0.739583
1441928461,别网恋,蛙腩,1.59E+12,-1,0.990501,0.00427468,0.995725
1343420262,4U（翻自 Vinida?(万妮达)） ,LuluSweety,1.55E+12,0,0.608425,0.519579,0.480421
1460674567,So Good To Me,瘦子E.SO,1.59E+12,1,0.911269,0.960071,0.0399289
1460674566,Money Bag,瘦子E.SO,1.59E+12,1,0.602245,0.82101,0.17899
1460674565,I Wish I Was There,瘦子E.SO,1.59E+12,0,0.0266033,0.45133,0.54867
1460673843,CHANGE,瘦子E.SO,1.59E+12,-1,0.816207,0.082707,0.917293
1460674564,Hello Beautiful,瘦子E.SO,1.59E+12,-1,0.0817358,0.413219,0.586781
1460674563,Don't Worry About Me,瘦子E.SO,1.59E+12,-1,0.892803,0.0482386,0.951761
1476775837,自下而上 Bottom-Up Cypher #2,王大痣,1.60E+12,-1,0.995717,0.00192742,0.998073
1462097900,Map,八口8uck,1.59E+12,1,0.21663,0.647483,0.352517
1460643095,给宋岳庭的信,AR（刘夫阳）,1.59E+12,0,0.45551,0.472775,0.527225
1454903427,我有一个梦,幼稚园杀手,1.59E+12,-1,0.78706,0.0958229,0.904177
1452441327,小人物,幼稚园杀手,1.59E+12,-1,0.667344,0.149695,0.850305
1453326534,秦始皇陵,Ice Paper,1.59E+12,1,0.802672,0.911202,0.0887978
1375640677,官方回答,O.WEN,1.56E+12,-1,0.468477,0.239186,0.760814
1452233312,欢迎光临,马思唯,1.59E+12,1,0.997603,0.998921,0.00107875
1449822900,刘玉玲 Lucy Liu (feat. Bohan Phoenix),Psy.P,1.59E+12,1,0.551973,0.798388,0.201612
1408761974,Free-Out 2019 cypher,Free-Out,1.58E+12,1,0.964149,0.983867,0.0161331
1405207289,活死人2019Cypher,活死人,1.57E+12,-1,0.430728,0.256172,0.743828
1377565361,人海人山,张昊,1.56E+12,1,0.749949,0.887477,0.112523
1400346394,THE FULL MONTY,辛巴,1.57E+12,-1,0.733725,0.119824,0.880176
1395914723,暴雪,PO8,1.57E+12,-1,0.891563,0.0487966,0.951203
1424375808,患失,小好Lil Good,1.58E+12,-1,0.386271,0.276178,0.723822
1396602392,不会再想 (Prod.Red Killer),刘兆宇,1.57E+12,1,0.119746,0.603886,0.396114
1399920705,两难,江辰,1.57E+12,1,0.332342,0.699554,0.300446
531769074,就让爱留在大理,19Fly,1.51E+12,1,0.99985,0.999932,6.76E-05
1381550594,始途行者,PRC,1.56E+12,-1,0.864644,0.0609102,0.93909
1457782823,她,无限火力,1.59E+12,-1,0.90377,0.0433037,0.956696
1443838552,他只是经过,h3R3,1.59E+12,1,0.227785,0.652503,0.347497
1429392677,花开,Copy,1.58E+12,-1,0.587449,0.185648,0.814352
1476455411,边缘 (Live),Vinida (万妮达),1.60E+12,1,0.819192,0.918636,0.0813637
1435253178,下暴雨,Y.A,1.59E+12,1,0.603237,0.821457,0.178543
866062997,起风了remix,王恩信Est,1.53E+12,1,0.861451,0.937653,0.0623469
1472945318,药水歌,药水哥,1.60E+12,1,0.909067,0.95908,0.04092
1459232593,But U,NINEONE#,1.59E+12,-1,0.34237,0.295934,0.704066
1441758494,晚风,Copy,1.59E+12,1,0.534055,0.790325,0.209675
1452605241,Future SOUL,Eroor,1.59E+12,-1,0.999422,0.000260219,0.99974
1440968923,Revolution,-single$hot,1.59E+12,-1,0.639247,0.162339,0.837661
515945562,糜,盖世Gas,1.51E+12,-1,0.431364,0.255886,0.744114
529665078,半途(Prod. by DiESi),直火帮 Straight Fire Gang,1.52E+12,-1,0.271274,0.327927,0.672073
1445282758,Say No Sleep,BY,1.59E+12,-1,0.40315,0.268583,0.731417
1420361226,Faith (feat.sh3),-single$hot,1.58E+12,-1,0.328309,0.302261,0.697739
1419522715,2.10（Prod by AllenJ),Mapleeee,1.56E+12,-1,0.983434,0.00745482,0.992545
1433385186,遗愿清单,Pz何岩,1.58E+12,-1,0.230856,0.346115,0.653885
1433855595,心魔与人言,ToYX,1.59E+12,-1,0.509845,0.22057,0.77943
1432182399,I`m On My WAY,GhostKING,1.58E+12,0,0.950331,0.497517,0.502483
1360493223,救我-氟西汀,Sleep-K,1.56E+12,-1,0.483592,0.232384,0.767616
1429641862,彷徨者,yaoyao,1.58E+12,-1,0.703052,0.133627,0.866373
571832692,暴雨,Haiwee,1.53E+12,1,0.127448,0.607352,0.392648
502960453,这只伶俐的棕色狐狸跳过一只懒惰的狗,黑羊,1.50E+12,-1,0.975607,0.0109769,0.989023
1408445169,城市底部的男孩,Just,1.58E+12,-1,0.559657,0.198154,0.801846
1404064260,好梦,Three T,1.57E+12,-1,0.971842,0.0126713,0.987329
1405370564,爱的角力,HoneyJune,1.57E+12,-1,0.993308,0.00301163,0.996988
1423158078,桃子苏打加冰,迪迪,1.58E+12,1,0.292409,0.681584,0.318416
1408551827,他们都有病（beat by Furyl）,龙胆囡,1.57E+12,-1,0.995096,0.00220684,0.997793
1311025926,雷克萨斯,AYAINC古怪因子,1.54E+12,1,0.945076,0.975284,0.024716
556088231,Psycho?（remix）,RedZ,1.52E+12,-1,0.217439,0.352152,0.647848
1375880048,门,尚先生,1.56E+12,1,0.256697,0.665514,0.334486
1366525011,New LvL,PRC,1.56E+12,0,0.996317,0.499816,0.500184
1366533024,Bad Trip（feat.PRC 光光）,PRC,1.56E+12,0,0.607896,0.519605,0.480395
1362947044,FIRE,KT,1.56E+12,1,0.6159,0.827155,0.172845
1359349895,Why we here,Jony J,1.56E+12,0,0.800637,0.490032,0.509968
1356146662,音乐拯救世界,YKEY,1.55E+12,1,0.90364,0.956638,0.043362
1356219685,YUNG LIT WAY,功夫胖KungFuPen,1.55E+12,1,0.576415,0.809387,0.190613
1362167777,哪有那么多的时间,Mc光光,1.56E+12,-1,0.220878,0.350605,0.649395
1325898368,Ti Amo,艾福杰尼,1.54E+12,-1,0.165983,0.375307,0.624693
1361787058,soft sweets,阿克江Akin,1.58E+12,1,0.910174,0.959578,0.0404215
1309666919,WRONG WAY,巴音汗,1.54E+12,0,0.246893,0.462345,0.537655
1352669267,FOLLOW,嘿人李逵Noisemakers,1.55E+12,1,0.980467,0.99121,0.0087897
1330884361,SPA,李迦南Doc,1.54E+12,-1,0.654009,0.155696,0.844304
1359151088,A REASON,ZDEV,1.56E+12,1,0.788734,0.90493,0.0950697
1311346765,戏精急诊室(ft.Lil Jet),孙u阳Xtina,1.54E+12,-1,0.990906,0.00409223,0.995908
419077145,黑暗中的莲花,爽子,1.29E+12,-1,0.975062,0.0112222,0.988778
1487195127,途Part.2,Warden,1.60E+12,-1,0.995429,0.002057,0.997943
1302091116,天才在郊区,ZDEV,1.55E+12,-1,0.453433,0.245955,0.754045
1381849488,Answers,Lionzed,1.56E+12,1,0.703104,0.866397,0.133603
1485734753,酒吧故事会（Prod. by meowmok）,Ash-T,1.60E+12,1,0.503112,0.7764,0.2236
1446925486,釜 底 抽 薪,Bullet子弹_,1.59E+12,-1,0.695297,0.137116,0.862884
1368740218,Chatty Flow,Chatty,1.56E+12,-1,0.978592,0.00963375,0.990366
1431107997,City Dreamer,Husy27,1.58E+12,-1,0.947203,0.0237585,0.976242
1457071529,吊车尾,LEEVERSON(李弗森),1.59E+12,1,0.845733,0.93058,0.0694203
1423091359,白鸽,克布,1.58E+12,-1,0.41963,0.261167,0.738833
1397716571,别,蓝男孩Leland X,1.57E+12,-1,0.974122,0.0116453,0.988355
1428542795,LINGER.,ZENSOUL,1.59E+12,1,0.960236,0.982106,0.0178937
1388136934,你说,Cujo,1.57E+12,-1,0.986298,0.00616582,0.993834
1329374581,神游,直火帮 Straight Fire Gang,1.54E+12,0,0.740187,0.487009,0.512991
1386331093,改变,百事惊喜,1.57E+12,-1,0.986095,0.00625719,0.993743
1381552085,争,PRC,1.56E+12,-1,0.950542,0.022256,0.977744
1386506879,FREEDOM CROW,二木ArM,1.57E+12,1,0.68828,0.859726,0.140274
1387471022,What You Need,CLOUDWANG 王云,1.57E+12,1,0.516351,0.782358,0.217642
1386556612,向阳花开的日子,PRC,1.57E+12,1,0.108597,0.598869,0.401131
1421716060,Go Stupid,Polo G,1.58E+12,1,0.941918,0.973863,0.0261369
1446417233,三重威胁2020,帕特龙,1.59E+12,-1,0.999589,0.000185034,0.999815
1379411002,诰密者,YSJ,1.56E+12,-1,0.999892,4.83E-05,0.999952
5052317,Lose Yourself,Eminem,1.04E+12,1,0.985346,0.993406,0.00659422
554952924,Lose Yourself REMIX,爆音BOOM,1.52E+12,-1,0.0881447,0.410335,0.589665
1407895557,The Box,Roddy Ricch,1.58E+12,1,0.964205,0.983892,0.0161079
4177793,Still Shinin',Mobb Deep,8.48E+11,1,0.913675,0.961154,0.038846
461308843,跳跳蛙,C-BLOCK,1.49E+12,-1,0.941794,0.0261927,0.973807
1321389838,Riot,DJ Smix,1.54E+12,1,0.909487,0.959269,0.040731
1452639699,Riot,XXXTENTACION,1.59E+12,1,0.977877,0.990045,0.00995519
1428825747,火嬲（Riot Remix,Yee,1.58E+12,1,0.129611,0.608325,0.391675
18922454,MC's Act Like They Don't Know (LP Version),KRS-One,8.13E+11,1,0.978149,0.990167,0.00983274
536128512,Look Alive (feat. Drake),BlocBoy JB,1.52E+12,1,0.977906,0.990058,0.00994238
1399109987,快一点 (Look Alive Remix),GALI,1.57E+12,-1,0.999525,0.000213833,0.999786
1367326171,Isis,Joyner Lucas,1.59E+12,1,0.957879,0.981046,0.0189545
1396580160,Joyner Lucas-Isis Freestyle（JarStick remix）,JarStick,1.57E+12,-1,0.988749,0.00506273,0.994937
26758492,Children's Story,Slick Rick,1.10E+12,1,0.952087,0.978439,0.0215607
1454937221,空白,AFMC黑子,1.59E+12,-1,0.798599,0.0906305,0.90937
1401886261,憧憬 (Prod By Bubbleboy),AFMC黑子,1.57E+12,1,0.773559,0.898102,0.101898
1374638077,白日梦想家,王愚,1.55E+12,1,0.97828,0.990226,0.00977398
1453326723,胜利就在前方了,K.A咔咔,1.59E+12,-1,0.102281,0.403974,0.596026
1473623329,通伸王子,chopsticks,1.58E+12,-1,0.951881,0.0216538,0.978346
1392191075,淹没,姜云升,1.56E+12,-1,0.998264,0.00078148,0.999219
1449416890,所以你睡了没,沙一汀EL,1.59E+12,-1,0.44627,0.249179,0.750821
1436368083,Bored in the house (Chopsticks Remix),chopsticks,1.59E+12,1,0.434477,0.745515,0.254485
1478349164,童心未泯,AFMC黑子,1.60E+12,1,0.912024,0.960411,0.0395893
1429369487,Weird Flex,chopsticks,1.58E+12,-1,0.98758,0.00558912,0.994411
1423962319,他（翻自 群星） ,十五,1.58E+12,-1,0.698246,0.135789,0.864211
574551420,Family,新秀,1.53E+12,-1,0.982679,0.00779441,0.992206
1427160525,Oh Yeah (Prod. Noria),K.O.R,1.58E+12,1,0.668277,0.850725,0.149275
1429369492,街上的孩子,chopsticks,1.58E+12,-1,0.115606,0.397977,0.602023
1379631867,那哈,小金,1.56E+12,-1,0.103505,0.403423,0.596577
1394226970,我,十五,1.57E+12,-1,0.662075,0.152066,0.847934
1492015545,INTRO,刘思敏,1.60E+12,-1,0.977484,0.0101325,0.989868
543846672,嘿,Guts,1.52E+12,1,0.544666,0.7951,0.2049
1329942784,Nuketown,Ski Mask the Slump God,1.54E+12,1,0.974342,0.988454,0.011546
1355362521,Lottery,K Camp,1.55E+12,1,0.962168,0.982976,0.0170243
1370186459,Death Note,GNAR,1.56E+12,1,0.865838,0.939627,0.060373
1384062254,Monica Lewinsky (feat. A Boogie Wit da Hoodie),SAINt JHN,1.57E+12,1,0.982474,0.992113,0.0078867
463160019,Shine Again,Pries,1.49E+12,1,0.958987,0.981544,0.0184559
1310906489,Falling Down,Lil Peep,1.54E+12,1,0.977278,0.989775,0.0102249
1309796578,Loaded Gun,6LACK,1.54E+12,1,0.970474,0.986714,0.0132864
555974032,Rich & Sad,Post Malone,1.52E+12,1,0.9757,0.989065,0.0109352
471374043,XO TOUR Llif3 (Y2K Remix),Y2K,1.49E+12,1,0.987371,0.994317,0.00568302
1325897229,Colorado,KOTA The Friend,1.54E+12,1,0.978125,0.990156,0.00984367
501475127,No Chance,Eskeerdo,1.50E+12,1,0.484463,0.768009,0.231991
517918738,2 Days,Marteen,1.51E+12,1,0.980483,0.991217,0.00878272
1368707097,Broke Leg,Tory Lanez,1.56E+12,1,0.932899,0.969805,0.0301954
1372742020,Chase The Money,E-40,1.56E+12,1,0.972119,0.987453,0.0125466
1372965121,Stripper Bowl,Migos,1.56E+12,1,0.975974,0.989188,0.0108116
1373523308,Fast (Remix),Sueco The Child,1.56E+12,1,0.95743,0.980843,0.0191567
504686647,I'm sorry,swell,1.45E+12,1,0.965746,0.984586,0.0154143
1359486601,Like I Ain't,Tech N9ne,1.56E+12,1,0.97678,0.989551,0.0104491
563983980,California Love,Tupac,1.37E+12,1,0.974704,0.988617,0.0113832
1317430262,Only God Can Judge Me,2Pac,1.54E+12,1,0.975968,0.989186,0.0108142
1492123591,Silly Walk,CashTrippy,1.60E+12,0,0.0283617,0.451418,0.548582
1488060403,Like dis,CashTrippy,1.60E+12,1,0.878976,0.945539,0.0544606
1492864083,DAY1,艾志恒Asen,1.60E+12,-1,0.530285,0.211372,0.788628
1474181051,包剪锤（Prod. Duhu）,连麻Swimming,1.60E+12,-1,0.998555,0.000650421,0.99935
1493693801,谈谈我TALK ME MORE(Prod by lock),Wavchty,1.60E+12,-1,0.846408,0.0691165,0.930884
1490992255,My Side,CashTrippy,1.60E+12,1,0.789369,0.905216,0.0947838
1493544671,OKOK,DazzleNeedLove,1.60E+12,-1,0.900622,0.0447204,0.95528
1403176771,Pullin' Up,nightboitheflash,1.57E+12,-1,0.222006,0.350097,0.649903
562598085,Like That,吴亦凡,1.54E+12,1,0.978877,0.990495,0.00950521
1489919836,Go Hard(Freestyle) P2,Louis 1520,1.60E+12,-1,0.500166,0.224925,0.775075
1429296066,GANG,CashTrippy,1.58E+12,1,0.622429,0.830093,0.169907
1454978489,2045,LEGGO,1.59E+12,-1,0.805431,0.0875561,0.912444
1467250218,FLIP!,thomeboydontkill,1.60E+12,-1,0.988647,0.0051091,0.994891
1370209583,Payback,Udiggwhatiamsayin,1.56E+12,-1,0.984053,0.00717595,0.992824
1483315011,元宝,Lil Howcy,1.60E+12,1,0.93234,0.969553,0.0304469
1468783841,BANG！（Prod.Tevin Revell),CashTrippy,1.60E+12,-1,0.0588228,0.42353,0.57647
1407866354,太极（Tai Ji）,thomeboydontkill,1.58E+12,-1,0.540278,0.206875,0.793125
1482019011,How l live,Purple King,1.60E+12,-1,0.995811,0.00188514,0.998115
546913805,Everything?Gonna?Be?Alright,step.jad,1.52E+12,1,0.97986,0.990937,0.00906322
1418284153,黑马王子前传:马思唯vs中文说唱,马思唯,1.58E+12,-1,0.739227,0.117348,0.882652
1383211745,TOP (Live),CREAM D,1.57E+12,1,0.913146,0.960916,0.0390844
1384570306,Hey Kong (Live),刘聪KEY.L,1.57E+12,1,0.653536,0.844091,0.155909
1396005547,戒骄戒躁,王以太,1.57E+12,-1,0.162927,0.376683,0.623317
1396141678,Feel Alive,王以太,1.57E+12,-1,0.807577,0.0865904,0.91341
1426032472,Successful,马思唯,1.58E+12,1,0.986357,0.993861,0.00613924
1402883146,老板,KOZAY,1.57E+12,1,0.919126,0.963607,0.0363935
1396126033,Shanghai,YOUNG13DBABY,1.57E+12,-1,0.998682,0.000593325,0.999407
1396738321,I'm okay,Jrocka,1.57E+12,1,0.838582,0.927362,0.0726383
1334295025,惊堂木,PO8,1.55E+12,-1,0.984779,0.00684951,0.99315
1321382275,别BB,宝SCNBALLER,1.54E+12,-1,0.999482,0.000232901,0.999767
